chapter_id,title,content,position
1,"Contexte et objectifs","<div class='max-w-3xl mx-auto my-6 p-6 bg-white shadow-lg rounded-lg'><h3 class='text-2xl font-bold mb-4 text-[#647a0b]'>Présentation du métier de thérapeute du bien-être</h3><p class='text-[#647a0b] leading-relaxed'>Le métier de thérapeute du bien-être englobe une diversité de pratiques visant l’amélioration de la santé physique, mentale et émotionnelle de vos clients. Votre rôle est d’apporter des techniques, des conseils et un accompagnement personnalisé pour les aider à se sentir mieux dans leur corps et leur esprit.</p><h3 class='text-2xl font-bold mt-6 mb-4 text-[#647a0b]'>Importance de développer une base de premiers clients</h3><p class='text-[#647a0b] leading-relaxed'>Démarrer son activité en tant que thérapeute du bien-être demande non seulement des compétences techniques (les méthodes de soin, l’écoute, etc.), mais aussi la capacité à vous faire connaître et à proposer vos services à des personnes qui en ont besoin. Attirer vos premiers clients est une étape cruciale, car cette base vous permettra de vous constituer une réputation et un réseau solide, et surtout de vivre de votre passion.</p><h3 class='text-2xl font-bold mt-6 mb-4 text-[#647a0b]'>Objectif du plan : acquérir les compétences pour se faire connaître et lancer efficacement son activité</h3><p class='text-[#647a0b] leading-relaxed'>Ce guide a pour objectif de vous fournir un plan d’action structuré. Vous apprendrez à :</p><ul class='list-disc list-inside leading-relaxed ml-4 text-[#854f38]'><li>Définir votre identité professionnelle (positionnement, spécialité, univers visuel) ;</li><li>Construire une présence en ligne et hors ligne ;</li><li>Proposer une offre de lancement pour attirer rapidement vos premiers clients ;</li><li>Gérer efficacement vos rendez-vous et l’expérience client ;</li><li>Fidéliser votre clientèle et stimuler le bouche-à-oreille ;</li><li>Mesurer vos actions et ajuster votre stratégie pour évoluer en continu.</li></ul></div>",1
1,"Aperçu global du parcours","<div class='max-w-3xl mx-auto my-6 p-6 bg-white shadow-lg rounded-lg'><h3 class='text-2xl font-bold mb-4 text-[#647a0b]'>Clarifier son identité et son positionnement</h3><p class='text-[#647a0b] leading-relaxed'>Avant de vous lancer, il est essentiel de déterminer votre spécialité, vos valeurs et ce qui vous différencie des autres praticiens.</p><h3 class='text-2xl font-bold mt-6 mb-4 text-[#647a0b]'>Construire sa présence sur les réseaux sociaux</h3><p class='text-[#647a0b] leading-relaxed'>Les plateformes en ligne sont incontournables pour faire connaître vos services et créer une communauté autour de votre approche.</p><h3 class='text-2xl font-bold mt-6 mb-4 text-[#647a0b]'>Créer une offre de lancement</h3><p class='text-[#647a0b] leading-relaxed'>Afin d’inciter les clients à découvrir vos prestations, il est judicieux de concevoir une offre spéciale ou un package d’initiation.</p><h3 class='text-2xl font-bold mt-6 mb-4 text-[#647a0b]'>Développer son réseau local et participer à des événements</h3><p class='text-[#647a0b] leading-relaxed'>Les salons, foires du bien-être et ateliers découverte sont d’excellents moyens de rencontrer de nouveaux prospects et de gagner en visibilité.</p><h3 class='text-2xl font-bold mt-6 mb-4 text-[#647a0b]'>Gérer ses premiers rendez-vous</h3><p class='text-[#647a0b] leading-relaxed'>Du système de réservation à l’expérience client en séance, tout doit être pensé pour installer la confiance et le professionnalisme.</p><h3 class='text-2xl font-bold mt-6 mb-4 text-[#647a0b]'>Fidéliser et encourager le bouche-à-oreille</h3><p class='text-[#647a0b] leading-relaxed'>Pour pérenniser votre activité, mettez en place des stratégies de fidélisation (parrainage, témoignages, suivi…).</p><h3 class='text-2xl font-bold mt-6 mb-4 text-[#647a0b]'>Mesurer et ajuster ses actions</h3><p class='text-[#647a0b] leading-relaxed'>Restez à l’écoute de vos résultats et des retours clients pour affiner votre approche et grandir en continu.</p></div>",2
2,"Choisir son orientation et sa spécialité","<div class='max-w-3xl mx-auto my-6 p-6 bg-white shadow-lg rounded-lg'><h3 class='text-2xl font-bold mb-4 text-[#647a0b]'>Clarifier son identité &amp; son positionnement</h3><h4 class='text-xl font-bold mb-4 text-[#647a0b]'>Choisir son orientation et sa spécialité</h4><p class='text-[#647a0b] leading-relaxed'>Quelles techniques et approches privilégiez-vous ?</p><p class='text-[#647a0b] leading-relaxed'>Déterminez précisément les disciplines que vous souhaitez pratiquer : réflexologie, sophrologie, reiki, massages, méditation guidée, etc.</p><p class='text-[#647a0b] leading-relaxed'>Pourquoi ces méthodes vous parlent-elles particulièrement ?</p><p class='text-[#647a0b] leading-relaxed'>Quel est le potentiel d’amélioration du bien-être chez vos clients grâce à ces approches ?</p><p class='text-[#647a0b] leading-relaxed'>Quelle problématique ciblez-vous ?</p><p class='text-[#647a0b] leading-relaxed'>Identifiez la ou les problématiques que vous voulez aider à résoudre : stress, anxiété, douleurs musculaires, troubles du sommeil, etc.</p><p class='text-[#647a0b] leading-relaxed'>Soyez clair dans votre communication : “Je vous accompagne pour réduire votre stress et retrouver de la vitalité.”</p><p class='text-[#647a0b] leading-relaxed'>Définir votre « signature » : qu’est-ce qui vous différencie ?</p><p class='text-[#647a0b] leading-relaxed'>Votre signature peut être un mélange de votre personnalité, de vos compétences uniques et de votre style d’approche. Par exemple, vous pouvez axer vos soins sur la douceur, la connexion à la nature, l’énergie, etc.</p></div>",1
2,"Nom, slogan et univers visuel","<div class='max-w-3xl mx-auto my-6 p-6 bg-white shadow-lg rounded-lg'><h3 class='text-2xl font-bold mb-4 text-[#647a0b]'>Nom, slogan et univers visuel</h3><h4 class='text-xl font-bold mb-4 text-[#647a0b]'>Nom personnel ou nom de marque</h4><p class='text-[#647a0b] leading-relaxed'>Vous pouvez opter pour votre nom propre (“Julie Martin, Thérapeute Holistique”) ou bien un nom de marque évocateur (“Harmonie Corps-Esprit”).</p><p class='text-[#647a0b] leading-relaxed'>Vérifiez la disponibilité du nom de domaine et des comptes sur les réseaux sociaux pour éviter les mauvaises surprises.</p><h4 class='text-xl font-bold mt-6 mb-4 text-[#647a0b]'>Élaboration d’un slogan simple et mémorisable</h4><p class='text-[#647a0b] leading-relaxed'>Par exemple : “Retrouvez équilibre et sérénité” ou “Prenez soin de vous en douceur.”</p><p class='text-[#647a0b] leading-relaxed'>Un slogan doit refléter votre promesse client et être facile à retenir.</p><h4 class='text-xl font-bold mt-6 mb-4 text-[#647a0b]'>Charte graphique : 2-3 couleurs dominantes, style d’images cohérent</h4><p class='text-[#647a0b] leading-relaxed'>Choisissez des couleurs qui évoquent le calme, la sérénité, la nature, ou l’énergie selon votre approche.</p><p class='text-[#647a0b] leading-relaxed'>Sélectionnez un style d’images (photos ou illustrations) qui s’harmonise avec vos valeurs et votre discours.</p></div>",2
2,"Cohérence dans la communication","<div class='max-w-3xl mx-auto my-6 p-6 bg-white shadow-lg rounded-lg'><h3 class='text-2xl font-bold mb-4 text-[#647a0b]'>Cohérence dans la communication</h3><h4 class='text-xl font-bold mb-4 text-[#647a0b]'>Alignement entre le message, la pratique et les valeurs</h4><p class='text-[#647a0b] leading-relaxed'>Assurez-vous que ce que vous communiquez (vos promesses, votre univers graphique, votre nom, etc.) correspond réellement à votre pratique quotidienne.</p><h4 class='text-xl font-bold mt-6 mb-4 text-[#647a0b]'>Clarté sur le tarif, les prestations proposées</h4><p class='text-[#647a0b] leading-relaxed'>Évitez de multiplier les offres complexes dès le départ.</p><p class='text-[#647a0b] leading-relaxed'>Proposez un tarif clair pour chaque prestation, éventuellement un package avantageux.</p><h4 class='text-xl font-bold mt-6 mb-4 text-[#647a0b]'>Élaboration d’une courte présentation personnelle (« pitch »)</h4><p class='text-[#647a0b] leading-relaxed'>Une phrase ou deux pour vous présenter : “Je suis X, spécialisé(e) dans la gestion du stress et la relaxation profonde, et j’accompagne mes clients à retrouver sérénité et vitalité.”</p><p class='text-[#647a0b] leading-relaxed'>Mettez en avant votre formation, votre expérience ou votre philosophie.</p></div>",3
3,"Instagram","<div class='max-w-3xl mx-auto my-6 p-6 bg-white shadow-lg rounded-lg'><h3 class='text-2xl font-bold mb-4 text-[#647a0b]'>Instagram</h3><h4 class='text-xl font-bold mb-4 text-[#647a0b]'>Pourquoi Instagram ?</h4><p class='text-[#647a0b] leading-relaxed'>Plateforme très visuelle : Idéale pour mettre en avant l’ambiance de votre cabinet, vos produits (huiles essentielles, décorations, etc.) et vos séances (en respectant la confidentialité).</p><p class='text-[#647a0b] leading-relaxed'>Contenu inspirant : Les utilisateurs apprécient les citations motivantes, astuces bien-être et images apaisantes.</p><p class='text-[#647a0b] leading-relaxed'>Communauté engagée : Un fort taux d’engagement (likes, commentaires, partages) lorsque le contenu est pertinent et esthétique.</p><h4 class='text-xl font-bold mt-6 mb-4 text-[#647a0b]'>Fonctionnalités clés</h4><p class='text-[#647a0b] leading-relaxed'><strong>Stories:</strong> Format éphémère (24h) pour partager des moments quotidiens et conseils rapides avec interactivité (stickers, sondages, quizz).</p><p class='text-[#647a0b] leading-relaxed'><strong>Reels:</strong> Vidéos courtes pour démontrer des techniques de relaxation ou exercices, bénéficiant d’une visibilité accrue.</p><p class='text-[#647a0b] leading-relaxed'><strong>IGTV et Live:</strong> IGTV pour des vidéos plus longues (tutoriels, interviews) et Live pour une interaction en temps réel.</p><h4 class='text-xl font-bold mt-6 mb-4 text-[#647a0b]'>Bonnes pratiques & Astuces</h4><p class='text-[#647a0b] leading-relaxed'>Soignez l’esthétique avec des visuels cohérents, utilisez des hashtags pertinents et publiez régulièrement (2-3 fois par semaine), en incluant des Stories quotidiennes.</p><p class='text-[#647a0b] leading-relaxed'>Planifiez votre feed avec des outils comme Later ou Planoly et exploitez les coulisses de votre activité pour créer des moments forts (Live Q&A, exercices guidés).</p></div>",1
3,"Facebook","<div class='max-w-3xl mx-auto my-6 p-6 bg-white shadow-lg rounded-lg'><h3 class='text-2xl font-bold mb-4 text-[#647a0b]'>Facebook</h3><h4 class='text-xl font-bold mb-4 text-[#647a0b]'>Pourquoi Facebook ?</h4><p class='text-[#647a0b] leading-relaxed'>Public large : Audience diversifiée, souvent plus âgée, adaptée pour des profils clients variés.</p><p class='text-[#647a0b] leading-relaxed'>Outils d’événements : Idéal pour annoncer ateliers, stages ou journées portes ouvertes.</p><p class='text-[#647a0b] leading-relaxed'>Groupes Facebook : Parfaits pour fédérer une communauté autour du bien-être.</p><h4 class='text-xl font-bold mt-6 mb-4 text-[#647a0b]'>Fonctionnalités clés</h4><p class='text-[#647a0b] leading-relaxed'><strong>Pages professionnelles:</strong> Détaillez vos informations (adresse, horaires, services, site web) et recueillez des avis clients pour renforcer votre crédibilité.</p><p class='text-[#647a0b] leading-relaxed'><strong>Événements:</strong> Créez des événements pour promouvoir ateliers ou webinaires en partageant toutes les informations pratiques (lieu, date, inscription).</p><p class='text-[#647a0b] leading-relaxed'><strong>Groupes:</strong> Animez ou participez à des groupes pour vous faire connaître dans des thématiques spécifiques.</p><h4 class='text-xl font-bold mt-6 mb-4 text-[#647a0b]'>Bonnes pratiques & Astuces</h4><p class='text-[#647a0b] leading-relaxed'>Publiez régulièrement (au moins 2 fois par semaine), interagissez avec bienveillance aux commentaires et utilisez Facebook Ads ciblées pour attirer localement de nouveaux clients.</p><p class='text-[#647a0b] leading-relaxed'>Misez sur la vidéo et encouragez la création d’une communauté via des groupes privés et des témoignages clients.</p></div>",2
3,"LinkedIn","<div class='max-w-3xl mx-auto my-6 p-6 bg-white shadow-lg rounded-lg'><h3 class='text-2xl font-bold mb-4 text-[#647a0b]'>LinkedIn</h3><h4 class='text-xl font-bold mb-4 text-[#647a0b]'>Pourquoi LinkedIn ?</h4><p class='text-[#647a0b] leading-relaxed'>Plateforme professionnelle : Permet de toucher managers, dirigeants et RH, et de proposer des ateliers bien-être en entreprise.</p><p class='text-[#647a0b] leading-relaxed'>Création de relations B2B : Favorise les partenariats avec entreprises, associations et cabinets pour améliorer la Qualité de Vie au Travail (QVT).</p><p class='text-[#647a0b] leading-relaxed'>Moins concurrentiel dans le domaine du bien-être, offrant une opportunité de se démarquer.</p><h4 class='text-xl font-bold mt-6 mb-4 text-[#647a0b]'>Fonctionnalités clés</h4><p class='text-[#647a0b] leading-relaxed'><strong>Profil professionnel complet:</strong> Photo de profil de qualité, bannière personnalisée et résumé détaillé de votre expertise et services.</p><p class='text-[#647a0b] leading-relaxed'><strong>Publications et articles:</strong> Partagez des articles et posts sur la gestion du stress, le bien-être au travail et des astuces professionnelles.</p><p class='text-[#647a0b] leading-relaxed'><strong>LinkedIn Groups:</strong> Rejoignez des groupes thématiques pour participer aux discussions et présenter vos services.</p><h4 class='text-xl font-bold mt-6 mb-4 text-[#647a0b]'>Bonnes pratiques & Astuces</h4><p class='text-[#647a0b] leading-relaxed'>Adaptez votre discours à un ton professionnel, réseauter activement et optez pour des publications synthétiques et structurées.</p><p class='text-[#647a0b] leading-relaxed'>Misez sur les recommandations de clients ou anciens collègues et créez des événements en ligne pour renforcer votre crédibilité.</p></div>",3
3,"Comparaison rapide : quelle plateforme pour quel objectif ?","<div class='max-w-3xl mx-auto my-6 p-6 bg-white shadow-lg rounded-lg'> <h3 class='text-2xl font-bold mb-4 text-[#647a0b]'>Comparaison rapide : quelle plateforme pour quel objectif ?</h3> <table class='w-full text-[#647a0b] mb-6' border='1' cellspacing='0' cellpadding='4'> <thead> <tr> <th>Objectif</th> <th>Instagram</th> <th>Facebook</th> <th>LinkedIn</th> </tr> </thead> <tbody> <tr> <td>Toucher un public général, plutôt jeune</td> <td>Excellente plateforme</td> <td>Possible, mais audience plus variée</td> <td>Moins adapté (audience plus pro)</td> </tr> <tr> <td>Mettre en avant du contenu très visuel</td> <td>Parfait (photos, Reels, stories)</td> <td>Possible, mais moins essentiel</td> <td>Possible via articles et images, moins esthétique</td> </tr> <tr> <td>Créer des événements grand public</td> <td>Moins pratique</td> <td>Outil “Événements” efficace</td> <td>Webinaires et partages de posts, plus pro</td> </tr> <tr> <td>Communiquer avec un public plus large/âgé</td> <td>Public jeune/actif</td> <td>Très pertinent (public varié)</td> <td>Public professionnel, souvent 25-55 ans</td> </tr> <tr> <td>Prospecter des entreprises/HR</td> <td>Peu adapté (sauf si partenariats)</td> <td>Peut être fait, mais moins direct</td> <td>Idéal pour B2B et partenariats QVT</td> </tr> <tr> <td>Gagner en crédibilité par la recommandation</td> <td>Avis (commentaires, témoignages)</td> <td>Avis, notation sur la Page pro</td> <td>Recommandations professionnelles sur votre profil</td> </tr> </tbody> </table> <h4 class='text-xl font-bold mb-4 text-[#647a0b]'>Conseils généraux pour tous les réseaux sociaux</h4> <ul class='list-disc list-inside leading-relaxed text-[#647a0b] mb-6'> <li><strong>Connaître votre public cible:</strong> Quel est l’âge moyen de vos clients ? Ont-ils des problématiques particulières (stress professionnel, douleurs chroniques, etc.) ?</li> <li><strong>Être régulier et cohérent:</strong> Mieux vaut poster 2 fois par semaine de manière constante que 10 fois sur une semaine et plus rien le mois suivant.</li> <li><strong>Varier les formats:</strong> Texte, image, vidéo, sondages, stories, lives… la diversité attire l’attention et montre votre dynamisme.</li> <li><strong>Inviter à l’interaction:</strong> Posez des questions, incitez vos abonnés à donner leur avis – les algorithmes valorisent l’engagement.</li> <li><strong>Utiliser les fonctionnalités publicitaires:</strong> Un petit budget mensuel (même 50€) peut booster votre visibilité en ciblant votre zone géographique.</li> <li><strong>Rester authentique:</strong> Vos contenus doivent refléter la bienveillance, la sincérité et la passion pour votre métier.</li> <li><strong>Analyser les résultats:</strong> Utilisez les statistiques internes pour ajuster votre stratégie (vues, taux d’engagement, clics, partages).</li> </ul> <p class='text-[#647a0b] leading-relaxed'>En résumé, le choix de la ou des plateformes dépendra principalement de votre clientèle cible et de vos objectifs (grand public, entreprises, communauté locale, etc.). Instagram et Facebook se révèlent complémentaires pour toucher un large éventail, tandis que LinkedIn est précieux pour un public professionnel ou pour développer des services dédiés aux entreprises (QVT, ateliers de relaxation, etc.). Avec une stratégie de contenu bien pensée, une présence régulière et un style authentique, vous pourrez rapidement asseoir votre crédibilité et développer votre clientèle via les réseaux sociaux.</p> </div>","4"
4,"Formules « Découverte »","<div class='max-w-3xl mx-auto my-6 p-6 bg-white shadow-lg rounded-lg'><h3 class='text-2xl font-bold mb-4 text-[#647a0b]'>Formules « Découverte »</h3><p class='text-[#647a0b] leading-relaxed'>Séance d’initiation à tarif réduit</p><p class='text-[#647a0b] leading-relaxed'>Permettre au public de tester votre pratique à moindre coût.</p><p class='text-[#647a0b] leading-relaxed'>Fixez une durée limitée pour inciter à l’action rapide.</p><p class='text-[#647a0b] leading-relaxed'>Pack de 2-3 séances pour tester différentes approches</p><p class='text-[#647a0b] leading-relaxed'>Intéressant pour faire découvrir plusieurs techniques (ex. massage + réflexologie).</p><p class='text-[#647a0b] leading-relaxed'>Offre un tarif un peu plus avantageux que la séance à l’unité.</p><p class='text-[#647a0b] leading-relaxed'>Limité dans le temps (effet d’urgence)</p><p class='text-[#647a0b] leading-relaxed'>Précisez clairement la date de fin de la promotion.</p><p class='text-[#647a0b] leading-relaxed'>Encouragez l’inscription rapide.</p></div>",1
4,"Séance gratuite ou tarifs préférentiels","<div class='max-w-3xl mx-auto my-6 p-6 bg-white shadow-lg rounded-lg'><h3 class='text-2xl font-bold mb-4 text-[#647a0b]'>Séance gratuite ou tarifs préférentiels</h3><p class='text-[#647a0b] leading-relaxed'>Proposer un petit nombre de séances gratuites pour recueillir des témoignages</p><p class='text-[#647a0b] leading-relaxed'>Prévoyez 3 ou 5 créneaux, par exemple, pour ne pas trop brader votre travail.</p><p class='text-[#647a0b] leading-relaxed'>Échangez la gratuité contre un témoignage écrit ou vidéo.</p><p class='text-[#647a0b] leading-relaxed'>Offrir une réduction pour les premiers inscrits</p><p class='text-[#647a0b] leading-relaxed'>&ldquo;-20% pour les 10 premiers rendez-vous réservés.&rdquo;</p><p class='text-[#647a0b] leading-relaxed'>Permet de lancer le bouche-à-oreille rapidement.</p><p class='text-[#647a0b] leading-relaxed'>Cartes cadeaux (pour fêtes, anniversaires, etc.)</p><p class='text-[#647a0b] leading-relaxed'>Excellente façon de se faire connaître via les proches des clients.</p><p class='text-[#647a0b] leading-relaxed'>Pratique pour générer des revenus supplémentaires en période de fête (Noël, Fête des mères, etc.).</p></div>",2
4,"Mettre en avant les bénéfices","<div class='max-w-3xl mx-auto my-6 p-6 bg-white shadow-lg rounded-lg'><h3 class='text-2xl font-bold mb-4 text-[#647a0b]'>Mettre en avant les bénéfices</h3><p class='text-[#647a0b] leading-relaxed'>Soulagement du stress, équilibre émotionnel, mieux-être physique</p><p class='text-[#647a0b] leading-relaxed'>Mettez l’accent sur ce que ressentira le client après une séance avec vous.</p><p class='text-[#647a0b] leading-relaxed'>Soyez précis : amélioration de la qualité du sommeil, réduction des tensions musculaires, etc.</p><p class='text-[#647a0b] leading-relaxed'>Témoignages (même peu nombreux au début) pour crédibiliser l’offre</p><p class='text-[#647a0b] leading-relaxed'>Osez demander à vos premiers clients de partager leur ressenti.</p><p class='text-[#647a0b] leading-relaxed'>Une preuve sociale est souvent déterminante dans la prise de décision.</p><p class='text-[#647a0b] leading-relaxed'>Inviter chaque client à partager son expérience</p><p class='text-[#647a0b] leading-relaxed'>Sur leurs réseaux sociaux ou via un avis Google.</p><p class='text-[#647a0b] leading-relaxed'>Cela crée un effet boule de neige.</p></div>",3
5,"Introduction au réseautage local","<div class='max-w-3xl mx-auto my-6 p-6 bg-white shadow-lg rounded-lg'><h3 class='text-2xl font-bold mb-4 text-[#647a0b]'>Introduction au réseautage local</h3><p class='text-[#647a0b] leading-relaxed'>Lorsqu’on souhaite développer son activité de thérapeute du bien-être, il est essentiel de ne pas se cantonner aux seuls canaux digitaux. Les rencontres &laquo; en vrai &raquo; restent un levier très puissant pour vous faire connaître, établir un lien de confiance et attirer de nouveaux clients.</p><p class='text-[#647a0b] leading-relaxed'>Dans ce chapitre, nous allons explorer plusieurs façons de vous construire un réseau local solide : participer à des salons, foires et ateliers, organiser vos propres ateliers de découverte, et mettre en place des collaborations gagnant-gagnant avec les acteurs de votre région.</p></div>",1
5,"Salons, foires et ateliers","<div class='max-w-3xl mx-auto my-6 p-6 bg-white shadow-lg rounded-lg'><h3 class='text-2xl font-bold mb-4 text-[#647a0b]'>Salons, foires et ateliers</h3><p class='text-[#647a0b] leading-relaxed'><strong>1. Repérer les salons/foires du bien-être de votre région</strong></p><p class='text-[#647a0b] leading-relaxed'>Recherchez les événements locaux en utilisant Internet (sites de salons, réseaux sociaux, groupes Facebook spécialisés) pour identifier les manifestations à venir : &ldquo;Salon du bien-être et de la santé naturelle&rdquo;, &ldquo;Foire aux thérapies alternatives&rdquo;, etc. Abonnez-vous à des pages ou newsletters d’organisateurs pour être informé en avant-première des dates.</p><p class='text-[#647a0b] leading-relaxed'>Prendre contact avec les organisateurs et réserver votre emplacement : renseignez-vous sur les tarifs d’inscription, les conditions pour tenir un stand (taille, matériel fourni, emplacement, etc.) et n’hésitez pas à poser des questions (ex. : &ldquo;Combien de visiteurs sont attendus ? Quel est le profil du public ? Y a-t-il un programme d’ateliers ?&rdquo;).</p><p class='text-[#647a0b] leading-relaxed'>Préparer la logistique : vérifiez si vous devez apporter votre propre table, chaises ou paravent pour plus d’intimité lors des démonstrations, et prévoyez une décoration simple mais accueillante (nappe, quelques plantes, diffuseurs d’huiles essentielles, logo sur un roll-up, etc.).</p><p class='text-[#647a0b] leading-relaxed'><strong>2. Tenir un stand simple (flyers, mini-séances, démonstrations)</strong></p><p class='text-[#647a0b] leading-relaxed'>Aménagez un espace accueillant : placez vos flyers et cartes de visite bien en vue et présentez de manière organisée vos formations ou produits (huiles, livres, etc.). Un roll-up explicatif peut attirer l’attention des passants.</p><p class='text-[#647a0b] leading-relaxed'>Proposez une démonstration ou une mini-séance (ex. : 5-10 minutes de massage des mains ou de réflexologie plantaire) pour susciter la curiosité et permettre aux visiteurs de vivre une première expérience concrète. Préparez un &laquo; pitch &raquo; clair pour présenter votre approche et soyez disponible pour répondre aux questions.</p><p class='text-[#647a0b] leading-relaxed'><strong>3. Collecter des contacts (e-mails) contre un bonus (e-book, réduction…)</strong></p><p class='text-[#647a0b] leading-relaxed'>Ayez un formulaire ou une liste pour noter les adresses e-mail (nom, e-mail, téléphone) en précisant l’usage des coordonnées (envoi de conseils, infos sur vos ateliers, newsletter, etc.).</p><p class='text-[#647a0b] leading-relaxed'>Offrez un cadeau en échange, comme un mini e-book (&ldquo;5 exercices pour déstresser rapidement au quotidien&rdquo;) ou un code promotionnel (ex. : réduction sur la première séance) pour inciter à la prise de rendez-vous. Exploitez ensuite les contacts recueillis en envoyant un e-mail de remerciement et en mentionnant vos prochaines dates d’ateliers ou promotions.</p></div>",2
5,"Organisation d’ateliers découverte","<div class='max-w-3xl mx-auto my-6 p-6 bg-white shadow-lg rounded-lg'><h3 class='text-2xl font-bold mb-4 text-[#647a0b]'>Organisation d’ateliers découverte</h3><p class='text-[#647a0b] leading-relaxed'><strong>1. Louer une salle ou nouer un partenariat avec un centre de yoga/salle associative</strong></p><p class='text-[#647a0b] leading-relaxed'>Partagez les coûts de location en vous renseignant sur les salles municipales, centres de bien-être ou associations locales. Évaluez le coût total (location, assurance, matériel) et vérifiez la rentabilité via les inscriptions.</p><p class='text-[#647a0b] leading-relaxed'>Négociez un partenariat gagnant-gagnant avec des centres de yoga, espaces de coworking &laquo; zen &raquo; ou salles associatives qui souhaitent proposer des ateliers innovants. En échange, bénéficiez d’un local et d’une publicité auprès de leur communauté.</p><p class='text-[#647a0b] leading-relaxed'>Planifiez en définissant la date, la durée, le nombre de places disponibles et le tarif (éventuellement un tarif préférentiel pour les premiers inscrits) et créez un visuel ou une affiche pour promouvoir votre atelier.</p><p class='text-[#647a0b] leading-relaxed'><strong>2. Thèmes d’initiation (gérer le stress, auto-massage, etc.)</strong></p><p class='text-[#647a0b] leading-relaxed'>Proposez un atelier court (1h-2h) où vous présentez le concept et les principes de base (ex. : comment bien respirer, comment masser une zone précise pour réduire le stress). Faites participer les participants avec des exercices pratiques ou des petits jeux d’expérimentation.</p><p class='text-[#647a0b] leading-relaxed'>Choisissez un thème accrocheur (ex. : &ldquo;Stop au stress : 3 techniques pour retrouver le calme en 5 minutes&rdquo;, &ldquo;Découverte de la réflexologie plantaire : soulager ses tensions au quotidien&rdquo;, &ldquo;Méditation guidée : une parenthèse de bien-être pour mieux dormir&rdquo;) et adaptez le contenu à votre public en simplifiant le vocabulaire si nécessaire.</p><p class='text-[#647a0b] leading-relaxed'><strong>3. Proposer un tarif préférentiel pour réserver des séances ultérieures</strong></p><p class='text-[#647a0b] leading-relaxed'>Incitez à l’action en proposant, à la fin de l’atelier, une réduction spéciale pour une prochaine séance individuelle. Expliquez les bénéfices d’un suivi personnalisé et facilitez la prise de rendez-vous sur place (agenda papier ou en ligne), en offrant un prix spécial si la réservation est immédiate (ex. : -20%).</p><p class='text-[#647a0b] leading-relaxed'>Collectez les e-mails des participants pour leur envoyer un récapitulatif des exercices ou des conseils complémentaires, et invitez-les à laisser un avis ou partager leur expérience sur les réseaux sociaux.</p></div>",3
5,"Collaborations et partenariats locaux","<div class='max-w-3xl mx-auto my-6 p-6 bg-white shadow-lg rounded-lg'><h3 class='text-2xl font-bold mb-4 text-[#647a0b]'>Collaborations et partenariats locaux</h3><p class='text-[#647a0b] leading-relaxed'><strong>1. Centres de fitness, salons de coiffure/bien-être, magasins bio</strong></p><p class='text-[#647a0b] leading-relaxed'>Distribuez des flyers ou cartes de visite dans des points stratégiques (près de la caisse ou sur un présentoir dédié) et demandez aux responsables s’ils peuvent recommander vos services, surtout si vos approches se complètent (ex. massage et sport).</p><p class='text-[#647a0b] leading-relaxed'>Proposez un échange de bons procédés : offrez une séance découverte ou un code promo dédié en échange de visibilité, et recommandez les services de vos partenaires à vos propres clients.</p><p class='text-[#647a0b] leading-relaxed'>Mettez en avant les bénéfices mutuels (ex. : aide à la récupération musculaire pour un centre de fitness, service complémentaire pour un salon de coiffure, valeurs partagées avec un magasin bio).</p><p class='text-[#647a0b] leading-relaxed'><strong>2. Médecins, ostéopathes, kinés ouverts aux approches complémentaires</strong></p><p class='text-[#647a0b] leading-relaxed'>Présentez votre approche en prenant rendez-vous pour expliquer votre pratique et formation, en insistant sur la complémentarité avec les traitements médicaux. Obtenez des recommandations en fournissant des cartes de visite ou brochures informatives, tout en respectant le cadre légal et éthique (vous n’êtes pas médecin, ne faites pas de diagnostic).</p><p class='text-[#647a0b] leading-relaxed'><strong>3. Affichage de flyers, commissions, séances découverte pour le personnel</strong></p><p class='text-[#647a0b] leading-relaxed'>Affichez vos flyers ou affiches dans des lieux stratégiques (bibliothèques, centres culturels, salles d’attente, etc.) après vous être renseigné sur les autorisations nécessaires. Proposez une commission (pourcentage sur la première séance ou service gratuit en retour) en cas de recommandation, et offrez des séances découverte pour le personnel afin de créer un bouche-à-oreille efficace.</p></div>",4
5,"Conseils et bonnes pratiques pour le réseautage local","<div class='max-w-3xl mx-auto my-6 p-6 bg-white shadow-lg rounded-lg'><h3 class='text-2xl font-bold mb-4 text-[#647a0b]'>Conseils et bonnes pratiques pour le réseautage local</h3><p class='text-[#647a0b] leading-relaxed'><strong>Préparer un &laquo; discours &raquo; clair sur votre approche</strong></p><p class='text-[#647a0b] leading-relaxed'>Expliquez en quelques phrases simples ce que vous faites, à qui vous vous adressez et en quoi vous pouvez aider. Ayez toujours vos cartes de visite sur vous pour saisir les opportunités de rencontres inattendues.</p><p class='text-[#647a0b] leading-relaxed'><strong>Participer à des événements variés</strong></p><p class='text-[#647a0b] leading-relaxed'>Ne vous limitez pas aux seuls salons de bien-être : marchés artisanaux, foires régionales et rencontres de networking (ex. afterwork entrepreneurs) peuvent être très pertinents pour vous faire connaître localement.</p><p class='text-[#647a0b] leading-relaxed'><strong>Entretenir vos relations</strong></p><p class='text-[#647a0b] leading-relaxed'>Après un salon, un atelier ou un rendez-vous, envoyez un e-mail de remerciement ou un message personnalisé pour montrer votre disponibilité à collaborer et proposer des idées concrètes de partenariat.</p><p class='text-[#647a0b] leading-relaxed'><strong>Être cohérent dans votre discours et votre attitude</strong></p><p class='text-[#647a0b] leading-relaxed'>Adoptez une tenue soignée, un sourire accueillant et une attitude professionnelle. L’ambiance de votre stand ou atelier (zen, agréable, chaleureux) renforcera la confiance des prospects.</p><p class='text-[#647a0b] leading-relaxed'><strong>Fixer des objectifs</strong></p><p class='text-[#647a0b] leading-relaxed'>Pour chaque événement, définissez des objectifs précis (collecter 30 contacts, prendre 5 rendez-vous, vendre 10 cartes cadeaux, etc.) et évaluez vos résultats pour ajuster votre approche.</p></div>",5
5,"Conclusion","<div class='max-w-3xl mx-auto my-6 p-6 bg-white shadow-lg rounded-lg'><h3 class='text-2xl font-bold mb-4 text-[#647a0b]'>Conclusion</h3><p class='text-[#647a0b] leading-relaxed'>En développant votre présence locale et en multipliant les rencontres physiques, vous créez un lien de confiance différent de celui construit en ligne.</p><p class='text-[#647a0b] leading-relaxed'>Les salons, ateliers découverte et partenariats locaux sont autant d’occasions de vous faire connaître, de démontrer votre expertise et de nouer des relations durables avec des clients et partenaires potentiels.</p><p class='text-[#647a0b] leading-relaxed'>N’oubliez pas que chaque contact, démonstration et atelier est une opportunité de renforcer votre réputation et de solidifier votre réseau. Faites preuve de professionnalisme, de passion et d’empathie, et vous verrez rapidement les fruits de vos efforts se concrétiser par de nouveaux rendez-vous et une clientèle fidèle.</p></div>",6
6,"Mise en place de la prise de rendez-vous","<div class='max-w-3xl mx-auto my-6 p-6 bg-white shadow-lg rounded-lg'><h3 class='text-2xl font-bold mb-4 text-[#647a0b]'>Mise en place de la prise de rendez-vous</h3><p class='text-[#647a0b] leading-relaxed'><strong>1. Utiliser un outil en ligne comme AromaMade Pro pour simplifier la gestion</strong></p><p class='text-[#647a0b] leading-relaxed'><em>Éviter les allers-retours:</em> Avec AromaMade Pro, les clients peuvent consulter vos disponibilités directement en ligne et réserver le créneau qui leur convient, évitant ainsi de multiples échanges d’e-mails ou d’appels. Vous gardez une vision claire de votre agenda, en temps réel.</p><p class='text-[#647a0b] leading-relaxed'><em>Rappels automatiques par e-mail ou SMS:</em> L’outil envoie automatiquement confirmations et rappels de rendez-vous, réduisant le taux d’absentéisme (&ldquo;no-show&rdquo;). Un rappel 24 à 48h avant la séance permet au client de s’organiser et de respecter son engagement.</p><p class='text-[#647a0b] leading-relaxed'><strong>Personnalisation de votre page de réservation:</strong> Adaptez votre page (logo, couleurs, textes) et ajoutez des champs spécifiques (questionnaire de santé, objectifs) pour mieux connaître le client avant la séance.</p><p class='text-[#647a0b] leading-relaxed'><strong>2. Confirmation par e-mail ou SMS (rappel pratique)</strong></p><p class='text-[#647a0b] leading-relaxed'><em>Montrer votre professionnalisme:</em> Les messages envoyés via l’outil sont clairs, automatiques et personnalisés (nom du client, heure du RDV…), renforçant l’impression d’un service organisé.</p><p class='text-[#647a0b] leading-relaxed'><em>Réduire les risques de &ldquo;no-show&rdquo;:</em> Le client reçoit un rappel et peut facilement annuler ou reporter en cas d’imprévu, libérant ainsi un créneau pour quelqu’un d’autre.</p><p class='text-[#647a0b] leading-relaxed'><strong>3. Préparation de l’espace (ambiance chaleureuse, musique douce, etc.)</strong></p><p class='text-[#647a0b] leading-relaxed'><em>Créer un environnement apaisant:</em> Avant chaque rendez-vous, aérez et purifiez la salle. Une musique douce instaure une atmosphère rassurante.</p><p class='text-[#647a0b] leading-relaxed'><em>Veillez à la propreté:</em> Assurez-vous que table, chaises, draps ou serviettes et matériel soient propres et rangés.</p><p class='text-[#647a0b] leading-relaxed'><em>Miser sur les petits détails:</em> Lumière tamisée, senteurs agréables (diffuseur d’huiles essentielles, bougies parfumées) et un espace pour déposer les effets personnels contribuent à l’expérience sensorielle.</p><p class='text-[#647a0b] leading-relaxed'><em>Réfléchir à votre propre confort:</em> Prévoyez un temps de transition entre deux séances pour vous recentrer ou préparer la salle, afin d’être en bonnes dispositions physiques et mentales.</p></div>",1
6,"Accueil et déroulé de la séance","<div class='max-w-3xl mx-auto my-6 p-6 bg-white shadow-lg rounded-lg'><h3 class='text-2xl font-bold mb-4 text-[#647a0b]'>Accueil et déroulé de la séance</h3><p class='text-[#647a0b] leading-relaxed'><strong>1. Écoute des besoins du client (questions, état émotionnel)</strong></p><p class='text-[#647a0b] leading-relaxed'><em>Prendre quelques minutes pour comprendre ses attentes:</em> Dès l’arrivée, accueillez votre client avec un sourire et invitez-le à exprimer sa situation (comment se sent-il, pourquoi vient-il, s’il a des douleurs ou préoccupations particulières). Notez les points clés pour adapter votre approche.</p><p class='text-[#647a0b] leading-relaxed'><em>Personnaliser la séance:</em> Adaptez le type de soin ou l’intensité en fonction des informations recueillies et reformulez brièvement pour vérifier votre compréhension.</p><p class='text-[#647a0b] leading-relaxed'><strong>2. Présentation de la séance et de ses bénéfices</strong></p><p class='text-[#647a0b] leading-relaxed'><em>Expliquer le déroulé et la durée:</em> Indiquez la durée prévue, les différentes étapes (phase d’échange, phase de soin, temps de retour) et rassurez le client s’il s’agit de sa première séance.</p><p class='text-[#647a0b] leading-relaxed'><em>Mettre en avant les résultats possibles:</em> Soulignez les bénéfices tels que la détente, le regain d’énergie, la réduction du stress ou une meilleure circulation sanguine, en donnant des exemples concrets ou en citant des témoignages.</p><p class='text-[#647a0b] leading-relaxed'><strong>3. Professionnalisme : hygiène, ponctualité, respect de la confidentialité</strong></p><p class='text-[#647a0b] leading-relaxed'><em>Soigner l’hygiène:</em> Lavez-vous les mains avant et après chaque séance, désinfectez le matériel et changez systématiquement les draps ou serviettes entre deux clients.</p><p class='text-[#647a0b] leading-relaxed'><em>Respecter les horaires:</em> La ponctualité est une marque de respect envers le client; évitez retards ou prolongations qui impacteraient la séance suivante.</p><p class='text-[#647a0b] leading-relaxed'><em>Garantir la confidentialité:</em> Assurez-vous que toutes les informations partagées restent strictement confidentielles et, si nécessaire, rassurez le client à ce sujet.</p></div>",2
6,"Fidélisation dès la première séance","<div class='max-w-3xl mx-auto my-6 p-6 bg-white shadow-lg rounded-lg'><h3 class='text-2xl font-bold mb-4 text-[#647a0b]'>Fidélisation dès la première séance</h3><p class='text-[#647a0b] leading-relaxed'><strong>1. Proposer un plan de suivi</strong></p><p class='text-[#647a0b] leading-relaxed'><em>Expliquer l’importance de la régularité:</em> Certaines techniques nécessitent plusieurs séances pour obtenir des résultats durables (ex. libération des tensions, amélioration du sommeil). Incitez à programmer un suivi plutôt que de laisser le client décider seul.</p><p class='text-[#647a0b] leading-relaxed'><em>Suggérer un rythme adapté:</em> Proposez un rythme (une fois par semaine, tous les quinze jours ou chaque mois) en fonction de la problématique et du budget, montrant ainsi votre vision globale du bien-être.</p><p class='text-[#647a0b] leading-relaxed'><strong>2. Offrir une réduction pour la séance suivante ou un programme complet</strong></p><p class='text-[#647a0b] leading-relaxed'><em>Encourager la prise de rendez-vous immédiate:</em> Proposez un avantage (ex. -10% sur la prochaine séance ou 5 séances pour le prix de 4) pour inciter le client à réserver immédiatement.</p><p class='text-[#647a0b] leading-relaxed'><em>Mettre en place un système de forfait:</em> Instaurer un tarif préférentiel pour un pack de séances et offrir un suivi complémentaire (envoi d’exercices, carnet de suivi, etc.) peut favoriser un engagement à long terme.</p><p class='text-[#647a0b] leading-relaxed'><strong>3. Demander un retour ou témoignage sur l’expérience vécue</strong></p><p class='text-[#647a0b] leading-relaxed'><em>Valoriser le ressenti du client:</em> À la fin de la séance, demandez-lui son avis sur ce qui a fonctionné ou pourrait être amélioré, renforçant ainsi la relation de confiance.</p><p class='text-[#647a0b] leading-relaxed'><em>Solliciter un témoignage:</em> Invitez le client à partager son expérience sur votre page Facebook, votre site internet ou via l’outil de réservation, en expliquant que ses retours sont précieux.</p><p class='text-[#647a0b] leading-relaxed'><em>S’améliorer continuellement:</em> Prenez en compte les remarques constructives pour adapter et perfectionner vos prestations.</p></div>",3
6,"Conseils pratiques pour une expérience client réussie","<div class='max-w-3xl mx-auto my-6 p-6 bg-white shadow-lg rounded-lg'><h3 class='text-2xl font-bold mb-4 text-[#647a0b]'>Conseils pratiques pour une expérience client réussie</h3><p class='text-[#647a0b] leading-relaxed'><em>Prévoir un temps d’échange avant et après la séance:</em> Cela évite que le client se sente &laquo; expédié &raquo; et renforce le sentiment d’écoute et d’accompagnement. Un court bilan final peut conclure sur une note positive et suggérer la suite (nouveau RDV, conseils à suivre, etc.).</p><p class='text-[#647a0b] leading-relaxed'><em>Personnaliser la relation:</em> Notez des informations importantes sur le client (prénom, problématique principale, préférences, allergies) dans un dossier, et utilisez ces informations lors des prochains rendez-vous pour montrer votre suivi personnalisé.</p><p class='text-[#647a0b] leading-relaxed'><em>Développer un univers de marque cohérent:</em> De la carte de visite à votre espace d’accueil, maintenez une charte graphique et une ambiance qui vous ressemblent pour renforcer la confiance du client.</p><p class='text-[#647a0b] leading-relaxed'><em>Garder une posture bienveillante et humble:</em> Évitez un langage trop technique ou ésotérique, restez ouvert aux questions et orientez vers un autre professionnel si la demande dépasse votre champ de compétences.</p></div>",4
7,"Recueillir des témoignages et avis","<div class='max-w-3xl mx-auto my-6 p-6 bg-white shadow-lg rounded-lg'><h3 class='text-2xl font-bold mb-4 text-[#647a0b]'>Recueillir des témoignages et avis</h3><p class='text-[#647a0b] leading-relaxed'><strong>1. Solliciter un avis écrit ou vidéo à la fin de la séance</strong></p><p class='text-[#647a0b] leading-relaxed'>Demande sur place ou par e-mail : Proposez à vos clients de laisser un commentaire dans un &laquo; cahier de retours &raquo; ou de vous écrire un court témoignage par e-mail juste après la séance, lorsque leur ressenti est positif.</p><p class='text-[#647a0b] leading-relaxed'>Reviews Google Business Profile : Inscrivez-vous sur Google Business Profile et incitez vos clients satisfaits à y déposer un avis via un lien direct ou un QR code, afin d’améliorer votre référencement local et rassurer les prospects.</p><p class='text-[#647a0b] leading-relaxed'>Avis sur votre page AromaMade Pro Thérapeute : Utilisez le système d’avis proposé par AromaMade Pro en envoyant par mail un lien au client pour faciliter une évaluation rapide et obtenir une preuve sociale sur votre profil professionnel.</p></div>",1
7,"Programme de parrainage","<div class='max-w-3xl mx-auto my-6 p-6 bg-white shadow-lg rounded-lg'><h3 class='text-2xl font-bold mb-4 text-[#647a0b]'>Programme de parrainage</h3><p class='text-[#647a0b] leading-relaxed'><strong>1. Réduction ou séance bonus pour chaque recommandation</strong></p><p class='text-[#647a0b] leading-relaxed'>Formule incitative : Proposez un avantage concret (ex. 10% de réduction sur la prochaine séance ou une séance bonus gratuite) pour chaque recommandation ayant conduit à une réservation.</p><p class='text-[#647a0b] leading-relaxed'>Simplicité du processus : Établissez des règles claires et tenez un registre ou utilisez votre outil de gestion (comme AromaMade Pro) pour suivre les recommandations et attribuer les récompenses.</p><p class='text-[#647a0b] leading-relaxed'><strong>2. Encourager les clients à parler de vous sur les réseaux sociaux</strong></p><p class='text-[#647a0b] leading-relaxed'>Identifiez votre compte et invitez vos clients à vous taguer dans leurs stories ou publications. Fournissez-leur du contenu partageable (images, citations, liens) pour faciliter le partage.</p><p class='text-[#647a0b] leading-relaxed'><strong>3. Mettre en place un code parrain/présentateur</strong></p><p class='text-[#647a0b] leading-relaxed'>Attribuez un code unique à chaque client pour suivre les réservations des filleuls et mesurer l’impact de vos ambassadeurs, afin d’ajuster et récompenser efficacement votre programme.</p></div>",2
7,"Conseils Pratiques pour la Fidélisation et le Bouche-à-oreille","<div class='max-w-3xl mx-auto my-6 p-6 bg-white shadow-lg rounded-lg'><h3 class='text-2xl font-bold mb-4 text-[#647a0b]'>Conseils Pratiques pour la Fidélisation et le Bouche-à-oreille</h3><p class='text-[#647a0b] leading-relaxed'>Faites de chaque séance un moment &laquo; inoubliable &raquo; : Un accueil chaleureux, un suivi attentionné et une touche personnelle (boisson offerte, conseils personnalisés, etc.) laissent une impression positive durable.</p><p class='text-[#647a0b] leading-relaxed'>Communiquez régulièrement avec votre clientèle via une newsletter mensuelle ou un groupe privé sur les réseaux sociaux pour partager vos actualités, promotions et ateliers sans être intrusif.</p><p class='text-[#647a0b] leading-relaxed'>Variez vos offres de fidélisation : Systèmes de points, cartes de fidélité, offres exclusives (atelier privé, séance VIP) et surveillez votre e-réputation en répondant aux avis avec gratitude et professionnalisme.</p><p class='text-[#647a0b] leading-relaxed'>Faites participer le client à son propre bien-être en lui proposant de petits exercices à réaliser chez lui (respiration, étirements, affirmations positives) pour renforcer la fidélisation.</p></div>",3
7,"Conclusion","<div class='max-w-3xl mx-auto my-6 p-6 bg-white shadow-lg rounded-lg'><h3 class='text-2xl font-bold mb-4 text-[#647a0b]'>Conclusion</h3><p class='text-[#647a0b] leading-relaxed'>La meilleure publicité pour un thérapeute du bien-être demeure la recommandation spontanée de clients satisfaits.</p><p class='text-[#647a0b] leading-relaxed'>En recueillant des avis sincères, en mettant en place un programme de parrainage efficace et en cultivant un lien de confiance durable, vous développerez naturellement votre clientèle.</p><p class='text-[#647a0b] leading-relaxed'>L’expérience positive d’un client englobe la séance, les interactions en ligne et le suivi personnalisé, posant ainsi les bases d’une réputation solide et d’une croissance pérenne pour votre activité.</p></div>",4
8,"Définir des indicateurs clés","<div class='max-w-3xl mx-auto my-6 p-6 bg-white shadow-lg rounded-lg'><h3 class='text-2xl font-bold mb-4 text-[#647a0b]'>Définir des indicateurs clés</h3><p class='text-[#647a0b] leading-relaxed'>Nombre de nouveaux contacts/clients par mois - Suivez votre progression régulièrement.</p><p class='text-[#647a0b] leading-relaxed'>Taux de conversion (prospects devenus clients) - Permet de voir si votre communication est efficace.</p><p class='text-[#647a0b] leading-relaxed'>Retours positifs/négatifs et taux de satisfaction - Collectez et analysez ces retours pour vous améliorer.</p></div>",1
8,"Analyser et ajuster","<div class='max-w-3xl mx-auto my-6 p-6 bg-white shadow-lg rounded-lg'><h3 class='text-2xl font-bold mb-4 text-[#647a0b]'>Analyser et ajuster</h3><p class='text-[#647a0b] leading-relaxed'>Repérez les offres ou contenus les plus appréciés : Quels posts suscitent le plus de réactions ? Quelles offres génèrent le plus de réservations ?</p><p class='text-[#647a0b] leading-relaxed'>Identifiez les objections récurrentes (prix, temps, etc.) et y répondez mieux ; intégrez ces réponses dans votre communication pour rassurer les futurs clients.</p><p class='text-[#647a0b] leading-relaxed'>Adaptez les tarifs, la communication ou l’organisation en conséquence en restant souple et ouvert au changement.</p></div>",2
8,"Évolution continue","<div class='max-w-3xl mx-auto my-6 p-6 bg-white shadow-lg rounded-lg'><h3 class='text-2xl font-bold mb-4 text-[#647a0b]'>Évolution continue</h3><p class='text-[#647a0b] leading-relaxed'>Se former régulièrement (webinaires, formations en gestion, marketing) et ne négligez pas l’aspect &laquo; entrepreneurial &raquo; de votre pratique. Enrichissez vos méthodes en suivant des formations avancées sur vos techniques.</p><p class='text-[#647a0b] leading-relaxed'>Testez de nouvelles approches (ateliers en ligne, podcasts, newsletters) et explorez d’autres canaux de diffusion pour toucher un public plus large.</p><p class='text-[#647a0b] leading-relaxed'>Restez à l’écoute du marché du bien-être et des retours de la clientèle : le domaine évolue constamment, restez informé des tendances (yoga du rire, nouveaux types de massages, etc.).</p></div>",3
8,"Conclusion","<div class='max-w-3xl mx-auto my-6 p-6 bg-white shadow-lg rounded-lg'><h3 class='text-2xl font-bold mb-4 text-[#647a0b]'>Conclusion</h3><p class='text-[#647a0b] leading-relaxed'>Vous disposez désormais d’un plan complet pour structurer et développer votre activité de thérapeute du bien-être. En suivant ces étapes : clarifiez votre positionnement et votre offre, bâtissez une présence en ligne et hors ligne (réseaux sociaux, salons, partenariats), proposez une offre de lancement attrayante, organisez l’expérience client pour fidéliser et favoriser le bouche-à-oreille, et mesurez l’efficacité de vos actions pour ajuster votre stratégie en continu.</p><p class='text-[#647a0b] leading-relaxed'>Rappelez-vous que la persévérance et l’authenticité sont des atouts essentiels. Prenez le temps de nourrir la relation avec vos clients, restez à l’écoute de leurs besoins et ajustez votre offre en fonction de leurs retours. Avec passion, constance et professionnalisme, vous pourrez construire une activité épanouissante et durable.</p><p class='text-[#647a0b] leading-relaxed'>Testez AromaMade Pro gratuitement ! Pour faciliter la gestion de vos rendez-vous et optimiser votre organisation, pensez à utiliser un outil spécialisé. AromaMade Pro vous propose un mois d’essai gratuit pour découvrir ses fonctionnalités et gagner en efficacité au quotidien. Profitez de cette offre pour consolider votre planning, vos réservations en ligne et le suivi de vos clients. Bon courage dans cette aventure et merci de votre confiance !</p></div>",4
